记录ID,时间,地点,类型,数值,阈值,是否超阈值,严重程度
RK0001,2024-01-01 00:00,铜官港水域,船舶违规锚泊,3.91,3.0,1,高
RK0002,2024-01-02 04:18,绕城高速,货运车辆偏离路线,4.38,5.0,0,低
RK0003,2024-01-03 08:36,霞凝港水域,船舶违规锚泊,4.55,3.0,1,严重
RK0004,2024-01-04 12:54,金霞物流园周边,货运车辆超速,74.05,90.0,0,低
RK0005,2024-01-05 17:12,湘江长沙段,船舶违规锚泊,2.46,3.0,0,低
RK0006,2024-01-06 21:31,浏阳河航道,船舶超载,7.39,10.0,0,低
RK0007,2024-01-08 01:49,望城区,投诉处罚超阈值,213.5,500.0,0,低
RK0008,2024-01-09 06:07,长张高速,货运车辆超速,104.69,90.0,1,中
RK0009,2024-01-10 10:25,望城区,投诉处罚超阈值,153.98,500.0,0,低
RK0010,2024-01-11 14:44,京港澳高速,货运车辆疲劳驾驶,2.8,4.0,0,低
RK0011,2024-01-12 19:02,长张高速,货运车辆超速,98.4,90.0,1,中
RK0012,2024-01-13 23:20,绕城高速,货运车辆偏离路线,5.67,5.0,1,中
RK0013,2024-01-15 03:38,湘江长沙段,船舶AIS关闭,1.01,2.0,0,低
RK0014,2024-01-16 07:56,岳麓区,投诉处罚超阈值,437.7,500.0,0,低
RK0015,2024-01-17 12:15,金霞物流园周边,货运车辆超速,90.07,90.0,1,中
RK0016,2024-01-18 16:33,开福区,投诉处罚超阈值,759.38,500.0,1,严重
RK0017,2024-01-19 20:51,长韶娄高速,货运车辆疲劳驾驶,5.6,4.0,1,高
RK0018,2024-01-21 01:09,绕城高速,货运车辆超速,156.43,90.0,1,严重
RK0019,2024-01-22 05:28,霞凝港水域,船舶超载,17.42,10.0,1,严重
RK0020,2024-01-23 09:46,浏阳河航道,船舶AIS关闭,0.79,2.0,0,低
RK0021,2024-01-24 14:04,金霞物流园周边,货运车辆偏离路线,4.62,5.0,0,低
RK0022,2024-01-25 18:22,湘江长沙段,船舶违规锚泊,2.68,3.0,0,低
RK0023,2024-01-26 22:40,浏阳河航道,船舶AIS关闭,2.17,2.0,1,中
RK0024,2024-01-28 02:59,长韶娄高速,货运车辆疲劳驾驶,3.95,4.0,0,低
RK0025,2024-01-29 07:17,铜官港水域,船舶违规锚泊,1.25,3.0,0,低
RK0026,2024-01-30 11:35,霞凝港水域,船舶超载,8.51,10.0,0,低
RK0027,2024-01-31 15:53,铜官港水域,船舶违规锚泊,2.7,3.0,0,低
RK0028,2024-02-01 20:12,绕城高速,货运车辆偏离路线,3.61,5.0,0,低
RK0029,2024-02-03 00:30,长张高速,货运车辆偏离路线,3.66,5.0,0,低
RK0030,2024-02-04 04:48,湘江长沙段,船舶AIS关闭,2.51,2.0,1,高
RK0031,2024-02-05 09:06,湘江长沙段,船舶超载,3.87,10.0,0,低
RK0032,2024-02-06 13:24,京港澳高速长沙段,货运车辆超速,59.37,90.0,0,低
RK0033,2024-02-07 17:43,绕城高速,货运车辆偏离路线,4.87,5.0,0,低
RK0034,2024-02-08 22:01,长张高速,货运车辆偏离路线,1.63,5.0,0,低
RK0035,2024-02-10 02:19,霞凝港水域,船舶违规锚泊,2.8,3.0,0,低
RK0036,2024-02-11 06:37,京港澳高速,货运车辆疲劳驾驶,2.3,4.0,0,低
RK0037,2024-02-12 10:56,长张高速,货运车辆偏离路线,4.81,5.0,0,低
RK0038,2024-02-13 15:14,望城区,投诉处罚超阈值,153.67,500.0,0,低
RK0039,2024-02-14 19:32,京港澳高速,货运车辆疲劳驾驶,2.78,4.0,0,低
RK0040,2024-02-15 23:50,湘江长沙段,船舶违规锚泊,1.59,3.0,0,低
RK0041,2024-02-17 04:08,霞凝港水域,船舶违规锚泊,3.57,3.0,1,中
RK0042,2024-02-18 08:27,湘江长沙段,船舶超载,8.85,10.0,0,低
RK0043,2024-02-19 12:45,京港澳高速,货运车辆疲劳驾驶,4.86,4.0,1,高
RK0044,2024-02-20 17:03,浏阳河航道,船舶AIS关闭,0.73,2.0,0,低
RK0045,2024-02-21 21:21,长沙县,投诉处罚超阈值,227.89,500.0,0,低
RK0046,2024-02-23 01:40,霞凝港水域,船舶违规锚泊,1.38,3.0,0,低
RK0047,2024-02-24 05:58,绕城高速,货运车辆超速,60.17,90.0,0,低
RK0048,2024-02-25 10:16,望城区,投诉处罚超阈值,521.1,500.0,1,中
RK0049,2024-02-26 14:34,湘江长沙段,船舶超载,11.18,10.0,1,中
RK0050,2024-02-27 18:52,霞凝港水域,船舶违规锚泊,4.31,3.0,1,高
RK0051,2024-02-28 23:11,湘江长沙段,船舶违规锚泊,1.04,3.0,0,低
RK0052,2024-03-01 03:29,霞凝港水域,船舶超载,15.73,10.0,1,严重
RK0053,2024-03-02 07:47,湘江长沙段,船舶AIS关闭,1.97,2.0,0,低
RK0054,2024-03-03 12:05,开福区,投诉处罚超阈值,749.25,500.0,1,高
RK0055,2024-03-04 16:24,岳麓区,投诉处罚超阈值,393.94,500.0,0,低
RK0056,2024-03-05 20:42,浏阳河航道,船舶AIS关闭,0.96,2.0,0,低
RK0057,2024-03-07 01:00,霞凝港水域,船舶超载,17.69,10.0,1,严重
RK0058,2024-03-08 05:18,湘江长沙段,船舶AIS关闭,0.84,2.0,0,低
RK0059,2024-03-09 09:36,湘江长沙段,船舶AIS关闭,1.48,2.0,0,低
RK0060,2024-03-10 13:55,金霞物流园周边,货运车辆偏离路线,8.14,5.0,1,严重
RK0061,2024-03-11 18:13,长张高速,货运车辆偏离路线,3.51,5.0,0,低
RK0062,2024-03-12 22:31,长张高速,货运车辆偏离路线,6.32,5.0,1,高
RK0063,2024-03-14 02:49,绕城高速,货运车辆超速,44.09,90.0,0,低
RK0064,2024-03-15 07:08,湘江长沙段,船舶AIS关闭,2.01,2.0,1,中
RK0065,2024-03-16 11:26,湘江长沙段,船舶AIS关闭,0.86,2.0,0,低
RK0066,2024-03-17 15:44,湘江长沙段,船舶AIS关闭,0.79,2.0,0,低
RK0067,2024-03-18 20:02,长张高速,货运车辆超速,98.33,90.0,1,中
RK0068,2024-03-20 00:20,湘江长沙段,船舶AIS关闭,0.61,2.0,0,低
RK0069,2024-03-21 04:39,国道319长沙段,货运车辆疲劳驾驶,5.58,4.0,1,高
RK0070,2024-03-22 08:57,湘江长沙段,船舶违规锚泊,5.14,3.0,1,严重
RK0071,2024-03-23 13:15,湘江长沙段,船舶违规锚泊,1.83,3.0,0,低
RK0072,2024-03-24 17:33,长沙县,投诉处罚超阈值,217.56,500.0,0,低
RK0073,2024-03-25 21:52,湘江长沙段,船舶AIS关闭,2.98,2.0,1,高
RK0074,2024-03-27 02:10,绕城高速,货运车辆超速,65.7,90.0,0,低
RK0075,2024-03-28 06:28,国道319长沙段,货运车辆疲劳驾驶,4.3,4.0,1,中
RK0076,2024-03-29 10:46,霞凝港水域,船舶违规锚泊,3.56,3.0,1,中
RK0077,2024-03-30 15:04,湘江长沙段,船舶违规锚泊,4.65,3.0,1,严重
RK0078,2024-03-31 19:23,岳麓区,投诉处罚超阈值,397.56,500.0,0,低
RK0079,2024-04-01 23:41,霞凝港水域,船舶超载,10.23,10.0,1,中
RK0080,2024-04-03 03:59,金霞物流园周边,货运车辆超速,64.49,90.0,0,低
RK0081,2024-04-04 08:17,浏阳河航道,船舶AIS关闭,2.5,2.0,1,高
RK0082,2024-04-05 12:36,金霞物流园周边,货运车辆偏离路线,4.98,5.0,0,低
RK0083,2024-04-06 16:54,霞凝港水域,船舶违规锚泊,4.72,3.0,1,严重
RK0084,2024-04-07 21:12,浏阳河航道,船舶AIS关闭,0.88,2.0,0,低
RK0085,2024-04-09 01:30,浏阳河航道,船舶超载,4.52,10.0,0,低
RK0086,2024-04-10 05:48,京港澳高速长沙段,货运车辆超速,74.78,90.0,0,低
RK0087,2024-04-11 10:07,浏阳河航道,船舶超载,4.37,10.0,0,低
RK0088,2024-04-12 14:25,京港澳高速,货运车辆疲劳驾驶,3.2,4.0,0,低
RK0089,2024-04-13 18:43,国道319长沙段,货运车辆疲劳驾驶,6.6,4.0,1,严重
RK0090,2024-04-14 23:01,岳麓区,投诉处罚超阈值,352.59,500.0,0,低
RK0091,2024-04-16 03:20,浏阳河航道,船舶AIS关闭,2.07,2.0,1,中
RK0092,2024-04-17 07:38,金霞物流园周边,货运车辆超速,91.33,90.0,1,中
RK0093,2024-04-18 11:56,金霞物流园周边,货运车辆偏离路线,6.95,5.0,1,高
RK0094,2024-04-19 16:14,霞凝港水域,船舶违规锚泊,2.46,3.0,0,低
RK0095,2024-04-20 20:32,霞凝港水域,船舶超载,7.5,10.0,0,低
RK0096,2024-04-22 00:51,长沙县,投诉处罚超阈值,365.44,500.0,0,低
RK0097,2024-04-23 05:09,绕城高速,货运车辆偏离路线,3.44,5.0,0,低
RK0098,2024-04-24 09:27,岳麓区,投诉处罚超阈值,544.75,500.0,1,中
RK0099,2024-04-25 13:45,湘江长沙段,船舶违规锚泊,4.06,3.0,1,高
RK0100,2024-04-26 18:04,京港澳高速,货运车辆疲劳驾驶,3.07,4.0,0,低
RK0101,2024-04-27 22:22,铜官港水域,船舶违规锚泊,1.77,3.0,0,低
RK0102,2024-04-29 02:40,湘江长沙段,船舶AIS关闭,0.86,2.0,0,低
RK0103,2024-04-30 06:58,浏阳河航道,船舶AIS关闭,2.25,2.0,1,中
RK0104,2024-05-01 11:16,浏阳河航道,船舶AIS关闭,2.68,2.0,1,高
RK0105,2024-05-02 15:35,浏阳河航道,船舶AIS关闭,2.69,2.0,1,高
RK0106,2024-05-03 19:53,绕城高速,货运车辆超速,31.39,90.0,0,低
RK0107,2024-05-05 00:11,霞凝港水域,船舶超载,10.41,10.0,1,中
RK0108,2024-05-06 04:29,霞凝港水域,船舶超载,4.61,10.0,0,低
RK0109,2024-05-07 08:48,长韶娄高速,货运车辆疲劳驾驶,4.08,4.0,1,中
RK0110,2024-05-08 13:06,金霞物流园周边,货运车辆偏离路线,5.11,5.0,1,中
RK0111,2024-05-09 17:24,霞凝港水域,船舶超载,13.44,10.0,1,高
RK0112,2024-05-10 21:42,霞凝港水域,船舶超载,7.99,10.0,0,低
RK0113,2024-05-12 02:00,望城区,投诉处罚超阈值,733.75,500.0,1,高
RK0114,2024-05-13 06:19,长沙县,投诉处罚超阈值,847.87,500.0,1,严重
RK0115,2024-05-14 10:37,开福区,投诉处罚超阈值,305.55,500.0,0,低
RK0116,2024-05-15 14:55,岳麓区,投诉处罚超阈值,383.26,500.0,0,低
RK0117,2024-05-16 19:13,湘江长沙段,船舶AIS关闭,1.74,2.0,0,低
RK0118,2024-05-17 23:32,湘江长沙段,船舶AIS关闭,1.58,2.0,0,低
RK0119,2024-05-19 03:50,望城区,投诉处罚超阈值,460.6,500.0,0,低
RK0120,2024-05-20 08:08,绕城高速,货运车辆超速,80.77,90.0,0,低
RK0121,2024-05-21 12:26,湘江长沙段,船舶违规锚泊,5.21,3.0,1,严重
RK0122,2024-05-22 16:44,国道319长沙段,货运车辆疲劳驾驶,2.19,4.0,0,低
RK0123,2024-05-23 21:03,湘江长沙段,船舶AIS关闭,3.11,2.0,1,严重
RK0124,2024-05-25 01:21,金霞物流园周边,货运车辆超速,29.51,90.0,0,低
RK0125,2024-05-26 05:39,长韶娄高速,货运车辆疲劳驾驶,1.61,4.0,0,低
RK0126,2024-05-27 09:57,长韶娄高速,货运车辆疲劳驾驶,1.29,4.0,0,低
RK0127,2024-05-28 14:16,浏阳河航道,船舶AIS关闭,0.84,2.0,0,低
RK0128,2024-05-29 18:34,霞凝港水域,船舶超载,8.38,10.0,0,低
RK0129,2024-05-30 22:52,霞凝港水域,船舶违规锚泊,1.39,3.0,0,低
RK0130,2024-06-01 03:10,京港澳高速长沙段,货运车辆超速,59.02,90.0,0,低
RK0131,2024-06-02 07:28,岳麓区,投诉处罚超阈值,467.18,500.0,0,低
RK0132,2024-06-03 11:47,浏阳河航道,船舶AIS关闭,2.26,2.0,1,中
RK0133,2024-06-04 16:05,长张高速,货运车辆超速,122.18,90.0,1,高
RK0134,2024-06-05 20:23,绕城高速,货运车辆偏离路线,6.73,5.0,1,高
RK0135,2024-06-07 00:41,长韶娄高速,货运车辆疲劳驾驶,3.49,4.0,0,低
RK0136,2024-06-08 05:00,长韶娄高速,货运车辆疲劳驾驶,2.27,4.0,0,低
RK0137,2024-06-09 09:18,浏阳河航道,船舶超载,11.08,10.0,1,中
RK0138,2024-06-10 13:36,长韶娄高速,货运车辆疲劳驾驶,1.36,4.0,0,低
RK0139,2024-06-11 17:54,京港澳高速,货运车辆疲劳驾驶,4.05,4.0,1,中
RK0140,2024-06-12 22:12,霞凝港水域,船舶违规锚泊,3.07,3.0,1,中
RK0141,2024-06-14 02:31,金霞物流园周边,货运车辆超速,41.32,90.0,0,低
RK0142,2024-06-15 06:49,京港澳高速长沙段,货运车辆超速,154.48,90.0,1,严重
RK0143,2024-06-16 11:07,浏阳河航道,船舶超载,5.15,10.0,0,低
RK0144,2024-06-17 15:25,长张高速,货运车辆偏离路线,6.47,5.0,1,高
RK0145,2024-06-18 19:44,浏阳河航道,船舶AIS关闭,3.42,2.0,1,严重
RK0146,2024-06-20 00:02,绕城高速,货运车辆偏离路线,3.7,5.0,0,低
RK0147,2024-06-21 04:20,铜官港水域,船舶违规锚泊,1.17,3.0,0,低
RK0148,2024-06-22 08:38,湘江长沙段,船舶AIS关闭,0.72,2.0,0,低
RK0149,2024-06-23 12:56,京港澳高速长沙段,货运车辆超速,61.05,90.0,0,低
RK0150,2024-06-24 17:15,开福区,投诉处罚超阈值,687.93,500.0,1,高
RK0151,2024-06-25 21:33,霞凝港水域,船舶违规锚泊,1.92,3.0,0,低
RK0152,2024-06-27 01:51,湘江长沙段,船舶超载,13.16,10.0,1,高
RK0153,2024-06-28 06:09,长韶娄高速,货运车辆疲劳驾驶,3.79,4.0,0,低
RK0154,2024-06-29 10:28,金霞物流园周边,货运车辆超速,154.77,90.0,1,严重
RK0155,2024-06-30 14:46,长沙县,投诉处罚超阈值,190.91,500.0,0,低
RK0156,2024-07-01 19:04,霞凝港水域,船舶超载,5.7,10.0,0,低
RK0157,2024-07-02 23:22,金霞物流园周边,货运车辆超速,36.26,90.0,0,低
RK0158,2024-07-04 03:41,金霞物流园周边,货运车辆超速,39.58,90.0,0,低
RK0159,2024-07-05 07:59,国道319长沙段,货运车辆疲劳驾驶,3.75,4.0,0,低
RK0160,2024-07-06 12:17,国道319长沙段,货运车辆疲劳驾驶,4.8,4.0,1,高
RK0161,2024-07-07 16:35,长张高速,货运车辆偏离路线,2.97,5.0,0,低
RK0162,2024-07-08 20:53,京港澳高速长沙段,货运车辆超速,75.14,90.0,0,低
RK0163,2024-07-10 01:12,金霞物流园周边,货运车辆偏离路线,3.54,5.0,0,低
RK0164,2024-07-11 05:30,开福区,投诉处罚超阈值,869.24,500.0,1,严重
RK0165,2024-07-12 09:48,长张高速,货运车辆偏离路线,3.83,5.0,0,低
RK0166,2024-07-13 14:06,湘江长沙段,船舶AIS关闭,2.21,2.0,1,中
RK0167,2024-07-14 18:25,金霞物流园周边,货运车辆偏离路线,1.66,5.0,0,低
RK0168,2024-07-15 22:43,铜官港水域,船舶违规锚泊,0.95,3.0,0,低
RK0169,2024-07-17 03:01,绕城高速,货运车辆超速,59.6,90.0,0,低
RK0170,2024-07-18 07:19,京港澳高速长沙段,货运车辆超速,121.22,90.0,1,高
RK0171,2024-07-19 11:37,浏阳河航道,船舶AIS关闭,0.98,2.0,0,低
RK0172,2024-07-20 15:56,湘江长沙段,船舶超载,9.74,10.0,0,低
RK0173,2024-07-21 20:14,岳麓区,投诉处罚超阈值,371.18,500.0,0,低
RK0174,2024-07-23 00:32,浏阳河航道,船舶超载,4.3,10.0,0,低
RK0175,2024-07-24 04:50,绕城高速,货运车辆偏离路线,1.94,5.0,0,低
RK0176,2024-07-25 09:09,长韶娄高速,货运车辆疲劳驾驶,2.64,4.0,0,低
RK0177,2024-07-26 13:27,长沙县,投诉处罚超阈值,652.82,500.0,1,高
RK0178,2024-07-27 17:45,长张高速,货运车辆偏离路线,2.31,5.0,0,低
RK0179,2024-07-28 22:03,铜官港水域,船舶违规锚泊,2.43,3.0,0,低
RK0180,2024-07-30 02:21,霞凝港水域,船舶违规锚泊,3.08,3.0,1,中
RK0181,2024-07-31 06:40,湘江长沙段,船舶超载,7.91,10.0,0,低
RK0182,2024-08-01 10:58,长韶娄高速,货运车辆疲劳驾驶,6.56,4.0,1,严重
RK0183,2024-08-02 15:16,长韶娄高速,货运车辆疲劳驾驶,1.32,4.0,0,低
RK0184,2024-08-03 19:34,长韶娄高速,货运车辆疲劳驾驶,1.31,4.0,0,低
RK0185,2024-08-04 23:53,霞凝港水域,船舶超载,4.85,10.0,0,低
RK0186,2024-08-06 04:11,京港澳高速,货运车辆疲劳驾驶,1.86,4.0,0,低
RK0187,2024-08-07 08:29,湘江长沙段,船舶AIS关闭,2.03,2.0,1,中
RK0188,2024-08-08 12:47,京港澳高速长沙段,货运车辆超速,48.06,90.0,0,低
RK0189,2024-08-09 17:05,长张高速,货运车辆偏离路线,8.58,5.0,1,严重
RK0190,2024-08-10 21:24,绕城高速,货运车辆偏离路线,1.87,5.0,0,低
RK0191,2024-08-12 01:42,浏阳河航道,船舶AIS关闭,0.93,2.0,0,低
RK0192,2024-08-13 06:00,霞凝港水域,船舶超载,7.7,10.0,0,低
RK0193,2024-08-14 10:18,湘江长沙段,船舶超载,9.35,10.0,0,低
RK0194,2024-08-15 14:37,霞凝港水域,船舶超载,6.96,10.0,0,低
RK0195,2024-08-16 18:55,绕城高速,货运车辆偏离路线,4.0,5.0,0,低
RK0196,2024-08-17 23:13,铜官港水域,船舶违规锚泊,5.31,3.0,1,严重
RK0197,2024-08-19 03:31,铜官港水域,船舶违规锚泊,3.07,3.0,1,中
RK0198,2024-08-20 07:49,浏阳河航道,船舶超载,15.26,10.0,1,严重
RK0199,2024-08-21 12:08,湘江长沙段,船舶AIS关闭,3.32,2.0,1,严重
RK0200,2024-08-22 16:26,望城区,投诉处罚超阈值,380.19,500.0,0,低
RK0201,2024-08-23 20:44,湘江长沙段,船舶AIS关闭,2.8,2.0,1,高
RK0202,2024-08-25 01:02,长沙县,投诉处罚超阈值,269.78,500.0,0,低
RK0203,2024-08-26 05:21,长张高速,货运车辆超速,115.27,90.0,1,高
RK0204,2024-08-27 09:39,霞凝港水域,船舶超载,17.94,10.0,1,严重
RK0205,2024-08-28 13:57,金霞物流园周边,货运车辆偏离路线,3.88,5.0,0,低
RK0206,2024-08-29 18:15,金霞物流园周边,货运车辆偏离路线,6.86,5.0,1,高
RK0207,2024-08-30 22:33,湘江长沙段,船舶AIS关闭,1.18,2.0,0,低
RK0208,2024-09-01 02:52,绕城高速,货运车辆偏离路线,6.6,5.0,1,高
RK0209,2024-09-02 07:10,绕城高速,货运车辆偏离路线,5.02,5.0,1,中
RK0210,2024-09-03 11:28,浏阳河航道,船舶AIS关闭,0.99,2.0,0,低
RK0211,2024-09-04 15:46,京港澳高速,货运车辆疲劳驾驶,3.62,4.0,0,低
RK0212,2024-09-05 20:05,开福区,投诉处罚超阈值,244.24,500.0,0,低
RK0213,2024-09-07 00:23,绕城高速,货运车辆超速,88.58,90.0,0,低
RK0214,2024-09-08 04:41,浏阳河航道,船舶超载,3.13,10.0,0,低
RK0215,2024-09-09 08:59,长张高速,货运车辆偏离路线,6.04,5.0,1,高
RK0216,2024-09-10 13:17,长沙县,投诉处罚超阈值,522.26,500.0,1,中
RK0217,2024-09-11 17:36,望城区,投诉处罚超阈值,403.75,500.0,0,低
RK0218,2024-09-12 21:54,金霞物流园周边,货运车辆超速,51.95,90.0,0,低
RK0219,2024-09-14 02:12,京港澳高速长沙段,货运车辆超速,154.57,90.0,1,严重
RK0220,2024-09-15 06:30,长张高速,货运车辆超速,75.61,90.0,0,低
RK0221,2024-09-16 10:49,岳麓区,投诉处罚超阈值,352.19,500.0,0,低
RK0222,2024-09-17 15:07,湘江长沙段,船舶超载,16.69,10.0,1,严重
RK0223,2024-09-18 19:25,浏阳河航道,船舶AIS关闭,2.59,2.0,1,高
RK0224,2024-09-19 23:43,岳麓区,投诉处罚超阈值,379.8,500.0,0,低
RK0225,2024-09-21 04:01,湘江长沙段,船舶违规锚泊,4.25,3.0,1,高
RK0226,2024-09-22 08:20,浏阳河航道,船舶超载,7.69,10.0,0,低
RK0227,2024-09-23 12:38,霞凝港水域,船舶违规锚泊,4.7,3.0,1,严重
RK0228,2024-09-24 16:56,长张高速,货运车辆偏离路线,6.9,5.0,1,高
RK0229,2024-09-25 21:14,望城区,投诉处罚超阈值,216.34,500.0,0,低
RK0230,2024-09-27 01:33,长张高速,货运车辆偏离路线,1.78,5.0,0,低
RK0231,2024-09-28 05:51,长张高速,货运车辆超速,29.94,90.0,0,低
RK0232,2024-09-29 10:09,浏阳河航道,船舶AIS关闭,1.45,2.0,0,低
RK0233,2024-09-30 14:27,开福区,投诉处罚超阈值,508.87,500.0,1,中
RK0234,2024-10-01 18:45,浏阳河航道,船舶超载,14.66,10.0,1,高
RK0235,2024-10-02 23:04,长沙县,投诉处罚超阈值,164.72,500.0,0,低
RK0236,2024-10-04 03:22,岳麓区,投诉处罚超阈值,407.11,500.0,0,低
RK0237,2024-10-05 07:40,岳麓区,投诉处罚超阈值,497.63,500.0,0,低
RK0238,2024-10-06 11:58,京港澳高速,货运车辆疲劳驾驶,5.66,4.0,1,高
RK0239,2024-10-07 16:17,浏阳河航道,船舶AIS关闭,0.62,2.0,0,低
RK0240,2024-10-08 20:35,绕城高速,货运车辆超速,156.83,90.0,1,严重
RK0241,2024-10-10 00:53,湘江长沙段,船舶违规锚泊,2.39,3.0,0,低
RK0242,2024-10-11 05:11,长沙县,投诉处罚超阈值,732.13,500.0,1,高
RK0243,2024-10-12 09:29,国道319长沙段,货运车辆疲劳驾驶,3.28,4.0,0,低
RK0244,2024-10-13 13:48,浏阳河航道,船舶AIS关闭,2.02,2.0,1,中
RK0245,2024-10-14 18:06,湘江长沙段,船舶超载,10.43,10.0,1,中
RK0246,2024-10-15 22:24,金霞物流园周边,货运车辆偏离路线,3.25,5.0,0,低
RK0247,2024-10-17 02:42,绕城高速,货运车辆偏离路线,7.92,5.0,1,严重
RK0248,2024-10-18 07:01,湘江长沙段,船舶违规锚泊,3.04,3.0,1,中
RK0249,2024-10-19 11:19,长韶娄高速,货运车辆疲劳驾驶,2.3,4.0,0,低
RK0250,2024-10-20 15:37,开福区,投诉处罚超阈值,504.47,500.0,1,中
RK0251,2024-10-21 19:55,京港澳高速长沙段,货运车辆超速,50.51,90.0,0,低
RK0252,2024-10-23 00:13,京港澳高速,货运车辆疲劳驾驶,2.05,4.0,0,低
RK0253,2024-10-24 04:32,湘江长沙段,船舶违规锚泊,3.46,3.0,1,中
RK0254,2024-10-25 08:50,金霞物流园周边,货运车辆偏离路线,3.51,5.0,0,低
RK0255,2024-10-26 13:08,霞凝港水域,船舶超载,18.0,10.0,1,严重
RK0256,2024-10-27 17:26,湘江长沙段,船舶超载,14.83,10.0,1,高
RK0257,2024-10-28 21:45,长张高速,货运车辆超速,93.54,90.0,1,中
RK0258,2024-10-30 02:03,霞凝港水域,船舶违规锚泊,1.1,3.0,0,低
RK0259,2024-10-31 06:21,京港澳高速长沙段,货运车辆超速,39.74,90.0,0,低
RK0260,2024-11-01 10:39,霞凝港水域,船舶超载,9.72,10.0,0,低
RK0261,2024-11-02 14:57,长张高速,货运车辆超速,51.27,90.0,0,低
RK0262,2024-11-03 19:16,湘江长沙段,船舶AIS关闭,1.24,2.0,0,低
RK0263,2024-11-04 23:34,湘江长沙段,船舶超载,9.55,10.0,0,低
RK0264,2024-11-06 03:52,望城区,投诉处罚超阈值,513.8,500.0,1,中
RK0265,2024-11-07 08:10,湘江长沙段,船舶AIS关闭,1.48,2.0,0,低
RK0266,2024-11-08 12:29,霞凝港水域,船舶违规锚泊,2.69,3.0,0,低
RK0267,2024-11-09 16:47,浏阳河航道,船舶AIS关闭,3.46,2.0,1,严重
RK0268,2024-11-10 21:05,京港澳高速长沙段,货运车辆超速,85.6,90.0,0,低
RK0269,2024-11-12 01:23,湘江长沙段,船舶AIS关闭,2.3,2.0,1,中
RK0270,2024-11-13 05:41,铜官港水域,船舶违规锚泊,2.43,3.0,0,低
RK0271,2024-11-14 10:00,开福区,投诉处罚超阈值,732.22,500.0,1,高
RK0272,2024-11-15 14:18,金霞物流园周边,货运车辆偏离路线,3.58,5.0,0,低
RK0273,2024-11-16 18:36,浏阳河航道,船舶AIS关闭,3.16,2.0,1,严重
RK0274,2024-11-17 22:54,铜官港水域,船舶违规锚泊,2.26,3.0,0,低
RK0275,2024-11-19 03:13,长张高速,货运车辆超速,98.58,90.0,1,中
RK0276,2024-11-20 07:31,金霞物流园周边,货运车辆超速,142.8,90.0,1,严重
RK0277,2024-11-21 11:49,霞凝港水域,船舶违规锚泊,3.08,3.0,1,中
RK0278,2024-11-22 16:07,岳麓区,投诉处罚超阈值,768.19,500.0,1,严重
RK0279,2024-11-23 20:25,金霞物流园周边,货运车辆超速,75.22,90.0,0,低
RK0280,2024-11-25 00:44,湘江长沙段,船舶AIS关闭,1.8,2.0,0,低
RK0281,2024-11-26 05:02,长张高速,货运车辆超速,152.65,90.0,1,严重
RK0282,2024-11-27 09:20,开福区,投诉处罚超阈值,189.13,500.0,0,低
RK0283,2024-11-28 13:38,湘江长沙段,船舶AIS关闭,2.89,2.0,1,高
RK0284,2024-11-29 17:57,浏阳河航道,船舶超载,16.69,10.0,1,严重
RK0285,2024-11-30 22:15,浏阳河航道,船舶AIS关闭,1.09,2.0,0,低
RK0286,2024-12-02 02:33,长沙县,投诉处罚超阈值,565.11,500.0,1,中
RK0287,2024-12-03 06:51,长张高速,货运车辆偏离路线,3.01,5.0,0,低
RK0288,2024-12-04 11:09,京港澳高速,货运车辆疲劳驾驶,4.47,4.0,1,中
RK0289,2024-12-05 15:28,国道319长沙段,货运车辆疲劳驾驶,2.99,4.0,0,低
RK0290,2024-12-06 19:46,京港澳高速,货运车辆疲劳驾驶,5.14,4.0,1,高
RK0291,2024-12-08 00:04,绕城高速,货运车辆超速,82.39,90.0,0,低
RK0292,2024-12-09 04:22,长沙县,投诉处罚超阈值,679.57,500.0,1,高
RK0293,2024-12-10 08:41,铜官港水域,船舶违规锚泊,2.83,3.0,0,低
RK0294,2024-12-11 12:59,湘江长沙段,船舶违规锚泊,4.26,3.0,1,高
RK0295,2024-12-12 17:17,金霞物流园周边,货运车辆偏离路线,4.2,5.0,0,低
RK0296,2024-12-13 21:35,开福区,投诉处罚超阈值,606.41,500.0,1,高
RK0297,2024-12-15 01:53,霞凝港水域,船舶超载,8.61,10.0,0,低
RK0298,2024-12-16 06:12,霞凝港水域,船舶超载,9.87,10.0,0,低
RK0299,2024-12-17 10:30,金霞物流园周边,货运车辆偏离路线,3.68,5.0,0,低
RK0300,2024-12-18 14:48,绕城高速,货运车辆偏离路线,5.21,5.0,1,中
RK0301,2024-12-19 19:06,金霞物流园周边,货运车辆偏离路线,1.82,5.0,0,低
RK0302,2024-12-20 23:25,国道319长沙段,货运车辆疲劳驾驶,6.61,4.0,1,严重
RK0303,2024-12-22 03:43,湘江长沙段,船舶超载,5.22,10.0,0,低
RK0304,2024-12-23 08:01,开福区,投诉处罚超阈值,358.21,500.0,0,低
RK0305,2024-12-24 12:19,开福区,投诉处罚超阈值,255.31,500.0,0,低
RK0306,2024-12-25 16:37,国道319长沙段,货运车辆疲劳驾驶,2.84,4.0,0,低
RK0307,2024-12-26 20:56,金霞物流园周边,货运车辆偏离路线,4.56,5.0,0,低
RK0308,2024-12-28 01:14,开福区,投诉处罚超阈值,366.47,500.0,0,低
RK0309,2024-12-29 05:32,浏阳河航道,船舶AIS关闭,1.84,2.0,0,低
RK0310,2024-12-30 09:50,长张高速,货运车辆偏离路线,4.55,5.0,0,低
RK0311,2024-12-31 14:09,金霞物流园周边,货运车辆超速,117.53,90.0,1,高
RK0312,2025-01-01 18:27,望城区,投诉处罚超阈值,502.55,500.0,1,中
RK0313,2025-01-02 22:45,开福区,投诉处罚超阈值,480.03,500.0,0,低
RK0314,2025-01-04 03:03,湘江长沙段,船舶违规锚泊,1.3,3.0,0,低
RK0315,2025-01-05 07:22,湘江长沙段,船舶超载,5.1,10.0,0,低
RK0316,2025-01-06 11:40,绕城高速,货运车辆偏离路线,3.98,5.0,0,低
RK0317,2025-01-07 15:58,长张高速,货运车辆偏离路线,2.95,5.0,0,低
RK0318,2025-01-08 20:16,岳麓区,投诉处罚超阈值,256.48,500.0,0,低
RK0319,2025-01-10 00:34,湘江长沙段,船舶违规锚泊,3.0,3.0,0,低
RK0320,2025-01-11 04:53,京港澳高速,货运车辆疲劳驾驶,4.05,4.0,1,中
RK0321,2025-01-12 09:11,国道319长沙段,货运车辆疲劳驾驶,2.97,4.0,0,低
RK0322,2025-01-13 13:29,湘江长沙段,船舶违规锚泊,3.1,3.0,1,中
RK0323,2025-01-14 17:47,绕城高速,货运车辆超速,53.54,90.0,0,低
RK0324,2025-01-15 22:06,金霞物流园周边,货运车辆偏离路线,3.27,5.0,0,低
RK0325,2025-01-17 02:24,京港澳高速长沙段,货运车辆超速,120.93,90.0,1,高
RK0326,2025-01-18 06:42,霞凝港水域,船舶违规锚泊,2.55,3.0,0,低
RK0327,2025-01-19 11:00,国道319长沙段,货运车辆疲劳驾驶,2.54,4.0,0,低
RK0328,2025-01-20 15:18,铜官港水域,船舶违规锚泊,1.84,3.0,0,低
RK0329,2025-01-21 19:37,湘江长沙段,船舶违规锚泊,1.84,3.0,0,低
RK0330,2025-01-22 23:55,浏阳河航道,船舶AIS关闭,1.86,2.0,0,低
RK0331,2025-01-24 04:13,开福区,投诉处罚超阈值,726.06,500.0,1,高
RK0332,2025-01-25 08:31,长张高速,货运车辆偏离路线,3.56,5.0,0,低
RK0333,2025-01-26 12:50,绕城高速,货运车辆超速,85.46,90.0,0,低
RK0334,2025-01-27 17:08,京港澳高速长沙段,货运车辆超速,91.2,90.0,1,中
RK0335,2025-01-28 21:26,湘江长沙段,船舶超载,7.79,10.0,0,低
RK0336,2025-01-30 01:44,长韶娄高速,货运车辆疲劳驾驶,6.06,4.0,1,严重
RK0337,2025-01-31 06:02,绕城高速,货运车辆偏离路线,4.96,5.0,0,低
RK0338,2025-02-01 10:21,长沙县,投诉处罚超阈值,219.81,500.0,0,低
RK0339,2025-02-02 14:39,湘江长沙段,船舶AIS关闭,3.45,2.0,1,严重
RK0340,2025-02-03 18:57,湘江长沙段,船舶违规锚泊,1.52,3.0,0,低
RK0341,2025-02-04 23:15,金霞物流园周边,货运车辆偏离路线,1.81,5.0,0,低
RK0342,2025-02-06 03:34,京港澳高速,货运车辆疲劳驾驶,5.99,4.0,1,高
RK0343,2025-02-07 07:52,湘江长沙段,船舶AIS关闭,3.14,2.0,1,严重
RK0344,2025-02-08 12:10,湘江长沙段,船舶超载,15.22,10.0,1,严重
RK0345,2025-02-09 16:28,绕城高速,货运车辆偏离路线,3.38,5.0,0,低
RK0346,2025-02-10 20:46,京港澳高速长沙段,货运车辆超速,66.82,90.0,0,低
RK0347,2025-02-12 01:05,湘江长沙段,船舶AIS关闭,2.28,2.0,1,中
RK0348,2025-02-13 05:23,浏阳河航道,船舶超载,17.82,10.0,1,严重
RK0349,2025-02-14 09:41,金霞物流园周边,货运车辆偏离路线,6.72,5.0,1,高
RK0350,2025-02-15 13:59,湘江长沙段,船舶AIS关闭,0.82,2.0,0,低
RK0351,2025-02-16 18:18,京港澳高速,货运车辆疲劳驾驶,1.54,4.0,0,低
RK0352,2025-02-17 22:36,浏阳河航道,船舶超载,6.16,10.0,0,低
RK0353,2025-02-19 02:54,望城区,投诉处罚超阈值,871.96,500.0,1,严重
RK0354,2025-02-20 07:12,国道319长沙段,货运车辆疲劳驾驶,5.39,4.0,1,高
RK0355,2025-02-21 11:30,湘江长沙段,船舶违规锚泊,2.72,3.0,0,低
RK0356,2025-02-22 15:49,湘江长沙段,船舶AIS关闭,0.89,2.0,0,低
RK0357,2025-02-23 20:07,国道319长沙段,货运车辆疲劳驾驶,3.75,4.0,0,低
RK0358,2025-02-25 00:25,湘江长沙段,船舶违规锚泊,3.46,3.0,1,中
RK0359,2025-02-26 04:43,湘江长沙段,船舶AIS关闭,3.43,2.0,1,严重
RK0360,2025-02-27 09:02,京港澳高速长沙段,货运车辆超速,47.24,90.0,0,低
RK0361,2025-02-28 13:20,绕城高速,货运车辆偏离路线,4.44,5.0,0,低
RK0362,2025-03-01 17:38,京港澳高速,货运车辆疲劳驾驶,5.06,4.0,1,高
RK0363,2025-03-02 21:56,金霞物流园周边,货运车辆超速,53.09,90.0,0,低
RK0364,2025-03-04 02:14,浏阳河航道,船舶AIS关闭,3.54,2.0,1,严重
RK0365,2025-03-05 06:33,湘江长沙段,船舶超载,10.1,10.0,1,中
RK0366,2025-03-06 10:51,绕城高速,货运车辆偏离路线,3.37,5.0,0,低
RK0367,2025-03-07 15:09,湘江长沙段,船舶违规锚泊,3.64,3.0,1,高
RK0368,2025-03-08 19:27,京港澳高速,货运车辆疲劳驾驶,5.02,4.0,1,高
RK0369,2025-03-09 23:46,京港澳高速长沙段,货运车辆超速,132.98,90.0,1,高
RK0370,2025-03-11 04:04,湘江长沙段,船舶违规锚泊,2.65,3.0,0,低
RK0371,2025-03-12 08:22,长张高速,货运车辆超速,72.73,90.0,0,低
RK0372,2025-03-13 12:40,湘江长沙段,船舶AIS关闭,1.33,2.0,0,低
RK0373,2025-03-14 16:58,霞凝港水域,船舶超载,12.66,10.0,1,高
RK0374,2025-03-15 21:17,岳麓区,投诉处罚超阈值,458.75,500.0,0,低
RK0375,2025-03-17 01:35,长韶娄高速,货运车辆疲劳驾驶,6.77,4.0,1,严重
RK0376,2025-03-18 05:53,湘江长沙段,船舶AIS关闭,2.18,2.0,1,中
RK0377,2025-03-19 10:11,绕城高速,货运车辆超速,71.05,90.0,0,低
RK0378,2025-03-20 14:30,长韶娄高速,货运车辆疲劳驾驶,1.24,4.0,0,低
RK0379,2025-03-21 18:48,金霞物流园周边,货运车辆偏离路线,4.87,5.0,0,低
RK0380,2025-03-22 23:06,湘江长沙段,船舶违规锚泊,3.58,3.0,1,中
RK0381,2025-03-24 03:24,长张高速,货运车辆偏离路线,4.48,5.0,0,低
RK0382,2025-03-25 07:42,浏阳河航道,船舶AIS关闭,1.45,2.0,0,低
RK0383,2025-03-26 12:01,霞凝港水域,船舶超载,9.26,10.0,0,低
RK0384,2025-03-27 16:19,湘江长沙段,船舶AIS关闭,0.99,2.0,0,低
RK0385,2025-03-28 20:37,霞凝港水域,船舶违规锚泊,5.2,3.0,1,严重
RK0386,2025-03-30 00:55,湘江长沙段,船舶超载,13.03,10.0,1,高
RK0387,2025-03-31 05:14,湘江长沙段,船舶超载,4.8,10.0,0,低
RK0388,2025-04-01 09:32,长张高速,货运车辆超速,74.36,90.0,0,低
RK0389,2025-04-02 13:50,京港澳高速长沙段,货运车辆超速,115.59,90.0,1,高
RK0390,2025-04-03 18:08,浏阳河航道,船舶超载,9.86,10.0,0,低
RK0391,2025-04-04 22:26,湘江长沙段,船舶违规锚泊,4.69,3.0,1,严重
RK0392,2025-04-06 02:45,湘江长沙段,船舶AIS关闭,1.39,2.0,0,低
RK0393,2025-04-07 07:03,京港澳高速长沙段,货运车辆超速,90.26,90.0,1,中
RK0394,2025-04-08 11:21,湘江长沙段,船舶超载,3.34,10.0,0,低
RK0395,2025-04-09 15:39,绕城高速,货运车辆超速,142.13,90.0,1,严重
RK0396,2025-04-10 19:58,金霞物流园周边,货运车辆超速,74.78,90.0,0,低
RK0397,2025-04-12 00:16,长张高速,货运车辆偏离路线,3.58,5.0,0,低
RK0398,2025-04-13 04:34,绕城高速,货运车辆偏离路线,6.04,5.0,1,高
RK0399,2025-04-14 08:52,湘江长沙段,船舶超载,13.44,10.0,1,高
RK0400,2025-04-15 13:10,铜官港水域,船舶违规锚泊,4.78,3.0,1,严重
RK0401,2025-04-16 17:29,湘江长沙段,船舶违规锚泊,2.15,3.0,0,低
RK0402,2025-04-17 21:47,铜官港水域,船舶违规锚泊,4.01,3.0,1,高
RK0403,2025-04-19 02:05,长韶娄高速,货运车辆疲劳驾驶,3.38,4.0,0,低
RK0404,2025-04-20 06:23,湘江长沙段,船舶AIS关闭,0.82,2.0,0,低
RK0405,2025-04-21 10:42,开福区,投诉处罚超阈值,645.54,500.0,1,高
RK0406,2025-04-22 15:00,霞凝港水域,船舶超载,8.31,10.0,0,低
RK0407,2025-04-23 19:18,金霞物流园周边,货运车辆超速,96.84,90.0,1,中
RK0408,2025-04-24 23:36,长张高速,货运车辆偏离路线,4.2,5.0,0,低
RK0409,2025-04-26 03:54,湘江长沙段,船舶AIS关闭,0.85,2.0,0,低
RK0410,2025-04-27 08:13,长韶娄高速,货运车辆疲劳驾驶,6.88,4.0,1,严重
RK0411,2025-04-28 12:31,长张高速,货运车辆偏离路线,4.39,5.0,0,低
RK0412,2025-04-29 16:49,绕城高速,货运车辆偏离路线,8.86,5.0,1,严重
RK0413,2025-04-30 21:07,京港澳高速长沙段,货运车辆超速,90.86,90.0,1,中
RK0414,2025-05-02 01:26,绕城高速,货运车辆超速,34.82,90.0,0,低
RK0415,2025-05-03 05:44,湘江长沙段,船舶AIS关闭,2.64,2.0,1,高
RK0416,2025-05-04 10:02,霞凝港水域,船舶违规锚泊,4.37,3.0,1,高
RK0417,2025-05-05 14:20,京港澳高速,货运车辆疲劳驾驶,2.6,4.0,0,低
RK0418,2025-05-06 18:38,金霞物流园周边,货运车辆偏离路线,4.72,5.0,0,低
RK0419,2025-05-07 22:57,金霞物流园周边,货运车辆偏离路线,4.95,5.0,0,低
RK0420,2025-05-09 03:15,浏阳河航道,船舶AIS关闭,1.08,2.0,0,低
RK0421,2025-05-10 07:33,霞凝港水域,船舶超载,3.62,10.0,0,低
RK0422,2025-05-11 11:51,长韶娄高速,货运车辆疲劳驾驶,3.67,4.0,0,低
RK0423,2025-05-12 16:10,铜官港水域,船舶违规锚泊,2.56,3.0,0,低
RK0424,2025-05-13 20:28,金霞物流园周边,货运车辆偏离路线,5.7,5.0,1,中
RK0425,2025-05-15 00:46,霞凝港水域,船舶违规锚泊,0.92,3.0,0,低
RK0426,2025-05-16 05:04,湘江长沙段,船舶AIS关闭,1.54,2.0,0,低
RK0427,2025-05-17 09:22,绕城高速,货运车辆偏离路线,4.55,5.0,0,低
RK0428,2025-05-18 13:41,浏阳河航道,船舶AIS关闭,1.16,2.0,0,低
RK0429,2025-05-19 17:59,国道319长沙段,货运车辆疲劳驾驶,3.59,4.0,0,低
RK0430,2025-05-20 22:17,京港澳高速,货运车辆疲劳驾驶,1.4,4.0,0,低
RK0431,2025-05-22 02:35,湘江长沙段,船舶违规锚泊,2.74,3.0,0,低
RK0432,2025-05-23 06:54,京港澳高速长沙段,货运车辆超速,142.58,90.0,1,严重
RK0433,2025-05-24 11:12,湘江长沙段,船舶AIS关闭,2.07,2.0,1,中
RK0434,2025-05-25 15:30,绕城高速,货运车辆超速,131.45,90.0,1,高
RK0435,2025-05-26 19:48,长韶娄高速,货运车辆疲劳驾驶,2.85,4.0,0,低
RK0436,2025-05-28 00:06,长韶娄高速,货运车辆疲劳驾驶,2.03,4.0,0,低
RK0437,2025-05-29 04:25,浏阳河航道,船舶AIS关闭,1.49,2.0,0,低
RK0438,2025-05-30 08:43,湘江长沙段,船舶违规锚泊,1.86,3.0,0,低
RK0439,2025-05-31 13:01,金霞物流园周边,货运车辆偏离路线,3.82,5.0,0,低
RK0440,2025-06-01 17:19,绕城高速,货运车辆偏离路线,1.96,5.0,0,低
RK0441,2025-06-02 21:38,开福区,投诉处罚超阈值,683.44,500.0,1,高
RK0442,2025-06-04 01:56,望城区,投诉处罚超阈值,469.73,500.0,0,低
RK0443,2025-06-05 06:14,长韶娄高速,货运车辆疲劳驾驶,6.87,4.0,1,严重
RK0444,2025-06-06 10:32,绕城高速,货运车辆超速,47.31,90.0,0,低
RK0445,2025-06-07 14:50,浏阳河航道,船舶AIS关闭,1.16,2.0,0,低
RK0446,2025-06-08 19:09,湘江长沙段,船舶AIS关闭,1.99,2.0,0,低
RK0447,2025-06-09 23:27,金霞物流园周边,货运车辆超速,115.21,90.0,1,高
RK0448,2025-06-11 03:45,绕城高速,货运车辆偏离路线,3.01,5.0,0,低
RK0449,2025-06-12 08:03,金霞物流园周边,货运车辆偏离路线,3.8,5.0,0,低
RK0450,2025-06-13 12:22,铜官港水域,船舶违规锚泊,5.04,3.0,1,严重
RK0451,2025-06-14 16:40,金霞物流园周边,货运车辆偏离路线,5.58,5.0,1,中
RK0452,2025-06-15 20:58,长沙县,投诉处罚超阈值,265.2,500.0,0,低
RK0453,2025-06-17 01:16,长张高速,货运车辆超速,40.97,90.0,0,低
RK0454,2025-06-18 05:34,浏阳河航道,船舶AIS关闭,1.35,2.0,0,低
RK0455,2025-06-19 09:53,岳麓区,投诉处罚超阈值,855.2,500.0,1,严重
RK0456,2025-06-20 14:11,金霞物流园周边,货运车辆偏离路线,1.83,5.0,0,低
RK0457,2025-06-21 18:29,浏阳河航道,船舶超载,10.64,10.0,1,中
RK0458,2025-06-22 22:47,湘江长沙段,船舶AIS关闭,1.96,2.0,0,低
RK0459,2025-06-24 03:06,长张高速,货运车辆偏离路线,5.1,5.0,1,中
RK0460,2025-06-25 07:24,长张高速,货运车辆偏离路线,1.84,5.0,0,低
RK0461,2025-06-26 11:42,湘江长沙段,船舶违规锚泊,4.02,3.0,1,高
RK0462,2025-06-27 16:00,浏阳河航道,船舶超载,6.98,10.0,0,低
RK0463,2025-06-28 20:18,霞凝港水域,船舶超载,8.25,10.0,0,低
RK0464,2025-06-30 00:37,岳麓区,投诉处罚超阈值,319.42,500.0,0,低
RK0465,2025-07-01 04:55,京港澳高速,货运车辆疲劳驾驶,3.94,4.0,0,低
RK0466,2025-07-02 09:13,长韶娄高速,货运车辆疲劳驾驶,3.12,4.0,0,低
RK0467,2025-07-03 13:31,浏阳河航道,船舶AIS关闭,2.77,2.0,1,高
RK0468,2025-07-04 17:50,霞凝港水域,船舶违规锚泊,2.06,3.0,0,低
RK0469,2025-07-05 22:08,长张高速,货运车辆偏离路线,6.67,5.0,1,高
RK0470,2025-07-07 02:26,长韶娄高速,货运车辆疲劳驾驶,5.15,4.0,1,高
RK0471,2025-07-08 06:44,金霞物流园周边,货运车辆超速,76.4,90.0,0,低
RK0472,2025-07-09 11:03,长张高速,货运车辆偏离路线,1.7,5.0,0,低
RK0473,2025-07-10 15:21,霞凝港水域,船舶违规锚泊,1.56,3.0,0,低
RK0474,2025-07-11 19:39,长张高速,货运车辆超速,57.97,90.0,0,低
RK0475,2025-07-12 23:57,湘江长沙段,船舶AIS关闭,3.44,2.0,1,严重
RK0476,2025-07-14 04:15,长沙县,投诉处罚超阈值,454.72,500.0,0,低
RK0477,2025-07-15 08:34,湘江长沙段,船舶AIS关闭,2.42,2.0,1,高
RK0478,2025-07-16 12:52,国道319长沙段,货运车辆疲劳驾驶,3.15,4.0,0,低
RK0479,2025-07-17 17:10,长沙县,投诉处罚超阈值,290.0,500.0,0,低
RK0480,2025-07-18 21:28,京港澳高速,货运车辆疲劳驾驶,2.44,4.0,0,低
RK0481,2025-07-20 01:47,岳麓区,投诉处罚超阈值,442.35,500.0,0,低
RK0482,2025-07-21 06:05,湘江长沙段,船舶超载,9.46,10.0,0,低
RK0483,2025-07-22 10:23,长张高速,货运车辆偏离路线,5.25,5.0,1,中
RK0484,2025-07-23 14:41,金霞物流园周边,货运车辆超速,93.5,90.0,1,中
RK0485,2025-07-24 18:59,绕城高速,货运车辆偏离路线,2.73,5.0,0,低
RK0486,2025-07-25 23:18,京港澳高速,货运车辆疲劳驾驶,5.2,4.0,1,高
RK0487,2025-07-27 03:36,绕城高速,货运车辆超速,129.49,90.0,1,高
RK0488,2025-07-28 07:54,湘江长沙段,船舶超载,11.71,10.0,1,中
RK0489,2025-07-29 12:12,长张高速,货运车辆超速,30.12,90.0,0,低
RK0490,2025-07-30 16:31,湘江长沙段,船舶AIS关闭,2.1,2.0,1,中
RK0491,2025-07-31 20:49,绕城高速,货运车辆偏离路线,3.76,5.0,0,低
RK0492,2025-08-02 01:07,望城区,投诉处罚超阈值,344.44,500.0,0,低
RK0493,2025-08-03 05:25,霞凝港水域,船舶超载,8.69,10.0,0,低
RK0494,2025-08-04 09:43,湘江长沙段,船舶AIS关闭,1.2,2.0,0,低
RK0495,2025-08-05 14:02,长韶娄高速,货运车辆疲劳驾驶,1.54,4.0,0,低
RK0496,2025-08-06 18:20,长韶娄高速,货运车辆疲劳驾驶,1.92,4.0,0,低
RK0497,2025-08-07 22:38,霞凝港水域,船舶超载,17.71,10.0,1,严重
RK0498,2025-08-09 02:56,长张高速,货运车辆超速,138.54,90.0,1,严重
RK0499,2025-08-10 07:15,京港澳高速长沙段,货运车辆超速,119.09,90.0,1,高
RK0500,2025-08-11 11:33,湘江长沙段,船舶超载,3.74,10.0,0,低
RK0501,2025-08-12 15:51,浏阳河航道,船舶AIS关闭,0.95,2.0,0,低
RK0502,2025-08-13 20:09,长张高速,货运车辆偏离路线,3.21,5.0,0,低
RK0503,2025-08-15 00:27,铜官港水域,船舶违规锚泊,3.03,3.0,1,中
RK0504,2025-08-16 04:46,京港澳高速长沙段,货运车辆超速,157.66,90.0,1,严重
RK0505,2025-08-17 09:04,金霞物流园周边,货运车辆偏离路线,4.95,5.0,0,低
RK0506,2025-08-18 13:22,湘江长沙段,船舶违规锚泊,2.92,3.0,0,低
RK0507,2025-08-19 17:40,长韶娄高速,货运车辆疲劳驾驶,2.88,4.0,0,低
RK0508,2025-08-20 21:59,霞凝港水域,船舶违规锚泊,2.06,3.0,0,低
RK0509,2025-08-22 02:17,浏阳河航道,船舶超载,14.58,10.0,1,高
RK0510,2025-08-23 06:35,望城区,投诉处罚超阈值,203.8,500.0,0,低
RK0511,2025-08-24 10:53,望城区,投诉处罚超阈值,755.53,500.0,1,严重
RK0512,2025-08-25 15:11,湘江长沙段,船舶超载,3.04,10.0,0,低
RK0513,2025-08-26 19:30,金霞物流园周边,货运车辆偏离路线,2.95,5.0,0,低
RK0514,2025-08-27 23:48,长张高速,货运车辆偏离路线,7.39,5.0,1,高
RK0515,2025-08-29 04:06,开福区,投诉处罚超阈值,459.87,500.0,0,低
RK0516,2025-08-30 08:24,湘江长沙段,船舶AIS关闭,1.65,2.0,0,低
RK0517,2025-08-31 12:43,长张高速,货运车辆超速,58.55,90.0,0,低
RK0518,2025-09-01 17:01,长张高速,货运车辆超速,144.38,90.0,1,严重
RK0519,2025-09-02 21:19,金霞物流园周边,货运车辆偏离路线,1.7,5.0,0,低
RK0520,2025-09-04 01:37,绕城高速,货运车辆偏离路线,7.84,5.0,1,严重
RK0521,2025-09-05 05:55,金霞物流园周边,货运车辆超速,67.0,90.0,0,低
RK0522,2025-09-06 10:14,霞凝港水域,船舶超载,7.19,10.0,0,低
RK0523,2025-09-07 14:32,长张高速,货运车辆超速,83.73,90.0,0,低
RK0524,2025-09-08 18:50,湘江长沙段,船舶违规锚泊,4.4,3.0,1,高
RK0525,2025-09-09 23:08,开福区,投诉处罚超阈值,244.07,500.0,0,低
RK0526,2025-09-11 03:27,绕城高速,货运车辆偏离路线,2.3,5.0,0,低
RK0527,2025-09-12 07:45,铜官港水域,船舶违规锚泊,1.77,3.0,0,低
RK0528,2025-09-13 12:03,浏阳河航道,船舶超载,10.95,10.0,1,中
RK0529,2025-09-14 16:21,金霞物流园周边,货运车辆偏离路线,6.15,5.0,1,高
RK0530,2025-09-15 20:39,金霞物流园周边,货运车辆超速,72.55,90.0,0,低
RK0531,2025-09-17 00:58,湘江长沙段,船舶AIS关闭,3.23,2.0,1,严重
RK0532,2025-09-18 05:16,京港澳高速,货运车辆疲劳驾驶,2.6,4.0,0,低
RK0533,2025-09-19 09:34,绕城高速,货运车辆超速,93.3,90.0,1,中
RK0534,2025-09-20 13:52,浏阳河航道,船舶AIS关闭,0.94,2.0,0,低
RK0535,2025-09-21 18:11,岳麓区,投诉处罚超阈值,435.37,500.0,0,低
RK0536,2025-09-22 22:29,湘江长沙段,船舶违规锚泊,0.96,3.0,0,低
RK0537,2025-09-24 02:47,浏阳河航道,船舶AIS关闭,0.84,2.0,0,低
RK0538,2025-09-25 07:05,湘江长沙段,船舶超载,9.81,10.0,0,低
RK0539,2025-09-26 11:23,金霞物流园周边,货运车辆偏离路线,4.55,5.0,0,低
RK0540,2025-09-27 15:42,国道319长沙段,货运车辆疲劳驾驶,3.44,4.0,0,低
RK0541,2025-09-28 20:00,霞凝港水域,船舶违规锚泊,4.3,3.0,1,高
RK0542,2025-09-30 00:18,湘江长沙段,船舶超载,9.09,10.0,0,低
RK0543,2025-10-01 04:36,长沙县,投诉处罚超阈值,303.68,500.0,0,低
RK0544,2025-10-02 08:55,绕城高速,货运车辆超速,135.73,90.0,1,严重
RK0545,2025-10-03 13:13,长韶娄高速,货运车辆疲劳驾驶,1.69,4.0,0,低
RK0546,2025-10-04 17:31,京港澳高速长沙段,货运车辆超速,87.17,90.0,0,低
RK0547,2025-10-05 21:49,浏阳河航道,船舶AIS关闭,1.53,2.0,0,低
RK0548,2025-10-07 02:07,国道319长沙段,货运车辆疲劳驾驶,3.69,4.0,0,低
RK0549,2025-10-08 06:26,霞凝港水域,船舶超载,8.2,10.0,0,低
RK0550,2025-10-09 10:44,国道319长沙段,货运车辆疲劳驾驶,5.63,4.0,1,高
RK0551,2025-10-10 15:02,长韶娄高速,货运车辆疲劳驾驶,3.95,4.0,0,低
RK0552,2025-10-11 19:20,长韶娄高速,货运车辆疲劳驾驶,5.09,4.0,1,高
RK0553,2025-10-12 23:39,长韶娄高速,货运车辆疲劳驾驶,2.92,4.0,0,低
RK0554,2025-10-14 03:57,湘江长沙段,船舶AIS关闭,1.25,2.0,0,低
RK0555,2025-10-15 08:15,绕城高速,货运车辆偏离路线,3.45,5.0,0,低
RK0556,2025-10-16 12:33,浏阳河航道,船舶AIS关闭,1.9,2.0,0,低
RK0557,2025-10-17 16:51,长韶娄高速,货运车辆疲劳驾驶,3.58,4.0,0,低
RK0558,2025-10-18 21:10,湘江长沙段,船舶超载,7.71,10.0,0,低
RK0559,2025-10-20 01:28,长张高速,货运车辆偏离路线,4.85,5.0,0,低
RK0560,2025-10-21 05:46,湘江长沙段,船舶超载,8.07,10.0,0,低
RK0561,2025-10-22 10:04,浏阳河航道,船舶超载,14.95,10.0,1,高
RK0562,2025-10-23 14:23,霞凝港水域,船舶超载,13.98,10.0,1,高
RK0563,2025-10-24 18:41,望城区,投诉处罚超阈值,345.85,500.0,0,低
RK0564,2025-10-25 22:59,湘江长沙段,船舶AIS关闭,2.86,2.0,1,高
RK0565,2025-10-27 03:17,金霞物流园周边,货运车辆超速,34.57,90.0,0,低
RK0566,2025-10-28 07:35,长张高速,货运车辆超速,52.13,90.0,0,低
RK0567,2025-10-29 11:54,望城区,投诉处罚超阈值,162.79,500.0,0,低
RK0568,2025-10-30 16:12,浏阳河航道,船舶超载,7.92,10.0,0,低
RK0569,2025-10-31 20:30,望城区,投诉处罚超阈值,319.08,500.0,0,低
RK0570,2025-11-02 00:48,国道319长沙段,货运车辆疲劳驾驶,2.45,4.0,0,低
RK0571,2025-11-03 05:07,长张高速,货运车辆偏离路线,3.41,5.0,0,低
RK0572,2025-11-04 09:25,国道319长沙段,货运车辆疲劳驾驶,2.33,4.0,0,低
RK0573,2025-11-05 13:43,国道319长沙段,货运车辆疲劳驾驶,2.27,4.0,0,低
RK0574,2025-11-06 18:01,霞凝港水域,船舶违规锚泊,2.2,3.0,0,低
RK0575,2025-11-07 22:19,浏阳河航道,船舶超载,5.23,10.0,0,低
RK0576,2025-11-09 02:38,长沙县,投诉处罚超阈值,362.35,500.0,0,低
RK0577,2025-11-10 06:56,浏阳河航道,船舶AIS关闭,3.23,2.0,1,严重
RK0578,2025-11-11 11:14,岳麓区,投诉处罚超阈值,509.2,500.0,1,中
RK0579,2025-11-12 15:32,霞凝港水域,船舶违规锚泊,4.56,3.0,1,严重
RK0580,2025-11-13 19:51,绕城高速,货运车辆偏离路线,4.81,5.0,0,低
RK0581,2025-11-15 00:09,浏阳河航道,船舶超载,7.23,10.0,0,低
RK0582,2025-11-16 04:27,岳麓区,投诉处罚超阈值,592.54,500.0,1,中
RK0583,2025-11-17 08:45,国道319长沙段,货运车辆疲劳驾驶,6.06,4.0,1,严重
RK0584,2025-11-18 13:03,长韶娄高速,货运车辆疲劳驾驶,1.75,4.0,0,低
RK0585,2025-11-19 17:22,湘江长沙段,船舶超载,6.9,10.0,0,低
RK0586,2025-11-20 21:40,霞凝港水域,船舶超载,5.33,10.0,0,低
RK0587,2025-11-22 01:58,铜官港水域,船舶违规锚泊,4.24,3.0,1,高
RK0588,2025-11-23 06:16,湘江长沙段,船舶AIS关闭,0.91,2.0,0,低
RK0589,2025-11-24 10:35,长沙县,投诉处罚超阈值,265.45,500.0,0,低
RK0590,2025-11-25 14:53,铜官港水域,船舶违规锚泊,2.26,3.0,0,低
RK0591,2025-11-26 19:11,浏阳河航道,船舶超载,15.81,10.0,1,严重
RK0592,2025-11-27 23:29,铜官港水域,船舶违规锚泊,2.82,3.0,0,低
RK0593,2025-11-29 03:47,绕城高速,货运车辆偏离路线,6.02,5.0,1,高
RK0594,2025-11-30 08:06,湘江长沙段,船舶AIS关闭,1.15,2.0,0,低
RK0595,2025-12-01 12:24,铜官港水域,船舶违规锚泊,1.92,3.0,0,低
RK0596,2025-12-02 16:42,浏阳河航道,船舶超载,4.59,10.0,0,低
RK0597,2025-12-03 21:00,长张高速,货运车辆超速,38.3,90.0,0,低
RK0598,2025-12-05 01:19,金霞物流园周边,货运车辆超速,131.64,90.0,1,高
RK0599,2025-12-06 05:37,岳麓区,投诉处罚超阈值,472.34,500.0,0,低
RK0600,2025-12-07 09:55,京港澳高速,货运车辆疲劳驾驶,1.49,4.0,0,低
RK0601,2025-12-08 14:13,绕城高速,货运车辆超速,95.89,90.0,1,中
RK0602,2025-12-09 18:31,湘江长沙段,船舶AIS关闭,0.71,2.0,0,低
RK0603,2025-12-10 22:50,霞凝港水域,船舶违规锚泊,1.15,3.0,0,低
RK0604,2025-12-12 03:08,金霞物流园周边,货运车辆偏离路线,8.26,5.0,1,严重
RK0605,2025-12-13 07:26,开福区,投诉处罚超阈值,393.78,500.0,0,低
RK0606,2025-12-14 11:44,湘江长沙段,船舶违规锚泊,2.81,3.0,0,低
RK0607,2025-12-15 16:03,湘江长沙段,船舶AIS关闭,0.92,2.0,0,低
RK0608,2025-12-16 20:21,湘江长沙段,船舶超载,4.78,10.0,0,低
RK0609,2025-12-18 00:39,绕城高速,货运车辆超速,156.68,90.0,1,严重
RK0610,2025-12-19 04:57,铜官港水域,船舶违规锚泊,3.79,3.0,1,高
RK0611,2025-12-20 09:15,长韶娄高速,货运车辆疲劳驾驶,2.22,4.0,0,低
RK0612,2025-12-21 13:34,京港澳高速长沙段,货运车辆超速,114.69,90.0,1,高
RK0613,2025-12-22 17:52,浏阳河航道,船舶AIS关闭,1.46,2.0,0,低
RK0614,2025-12-23 22:10,岳麓区,投诉处罚超阈值,670.15,500.0,1,高
RK0615,2025-12-25 02:28,长韶娄高速,货运车辆疲劳驾驶,6.97,4.0,1,严重
RK0616,2025-12-26 06:47,岳麓区,投诉处罚超阈值,171.97,500.0,0,低
RK0617,2025-12-27 11:05,浏阳河航道,船舶AIS关闭,1.28,2.0,0,低
RK0618,2025-12-28 15:23,开福区,投诉处罚超阈值,842.55,500.0,1,严重
RK0619,2025-12-29 19:41,浏阳河航道,船舶超载,3.01,10.0,0,低
RK0620,2025-12-31 00:00,湘江长沙段,船舶违规锚泊,3.17,3.0,1,中
